0VjIjW4GlUZAMYd2vXMi3b,
59ZswYtwcU6EP581dK7UHC,
0n2SEXB2qoRQg171q7XqeW,
3E5ndyOfO6vFDEIE42HA8o,
4rmPQGwcLQjCoFq5NrTA0D,
7BD50ATrF3Vab5FQy7vtK8,
7mitXLIMCflkhZiD34uEQI,
4kLLWz7srcuLKA7Et40PQR,
7obdw7ZGr6l1GqSBkFiY11,
7qiZfU4dY1lWllzX7mPBI3,
4ReVjXSiFM92lmjAncPtZW,
3dFR132gzO8jxD57R2gid3,
3H7sv3Krffn15BufUuXzf3,
7BKLCZ1jbUBVqRi2FVlTVw,
3LmvfNUQtglbTrydsdIqFU,
5Ihd9HrPvOADyVoonH9ZjB,
5rb9QrpfcKFHM1EUbSIurX,
0odIT9B9BvOCnXfS0e4lB5,
21jGcNKet2qwijlDFuPiPb,
5iwyLsQ5yjnCaRrJGyAPZM,
10LRRKPmx8uHcSxLVWK0ct,
14sVnTYvfzo9sQM4RkQTaq,
3pPyv196sOJrbZdNiVNYCA,
1Eb90nmqTrxylKFhcUzW8P,
7dfl9X38RhIvB3oSmmneq3,
7rlH1Eb2JHnmuc74WOdBym,
7Kszjzps0xbQXyo1pO4KfE,
2JoZzpdeP2G6Csfdq5aLXP,
2HHtWyy5CgaQbC7XSoOb0e,
6qn9YLKt13AGvpq9jfO8py,
6FRLCMO5TUHTexlWo8ym1W,
7jOuIhMrkiKj7bvYhRqaym,
39LLxExYz6ewLAcYrzQQyP,
463CkQjx2Zk1yXoBuierM9,
4uDJdDSIARqTRf6qZhwYR6,
5IFCyWplye09HytIP80RCF,
1JSTJqkT5qHq8MDJnJbRE1,
13b3kZAjZGltp76ed4u1m3,
1vnnXMrBeEWiRg3YCMCjQq,
3cbV252akVZInSvJk7jAYX